{"cameraMode":{"drawMode":0,"name":"Shaded","section":"Shading Mode"},"sceneLighting":true,"audioPlay":false,"sceneViewState":{"showFog":true,"showMaterialUpdate":false,"showSkybox":true,"showFlares":true,"showImageEffects":true,"showParticleSystems":true},"in2DMode":false,"pivot":{"x":3.8523566722869875,"y":-0.3224356472492218,"z":-0.5135833621025086},"rotation":{"x":0.01971449702978134,"y":-0.9556116461753845,"z":0.2865210771560669,"w":0.06575220078229904},"size":0.6988347768783569,"orthographic":false}